c[1],c[2],c[3],c[4],c[5],c[6],p[1],p[2],p[3],p[4],p[5],p[6],h[1],g_plus[1],g_minus[1],dr[1],μ[1],μ[2],μ[3]
3426.4117307692286,3686.7846153846153,0.0,5613.558461538461,734.7718978898534,0.0,224.9999999999999,329.2307692307692,7.519187489179987,328.46153846153845,76.18901642092425,8.727693525793287,129.23076923076923,0.0,287.1794871794872,358.46153846153845,229.23076923076923,0.0,0.0
5304.388894230775,3686.7846153846153,1141.9062751264667,2551.706923076923,2666.2290448209314,0.0,326.7307692307695,329.2307692307692,92.9679054378974,164.23076923076923,240.41978565169347,8.727693525793287,0.0,0.0,0.0,358.46153846153845,229.23076923076923,0.0,0.0
2368.9898557692354,3686.7846153846153,1716.1192307692309,0.0,3593.69173076923,1420.5942307692264,162.50000000000028,329.2307692307692,135.0,0.0,315.0,120.57692307692275,0.0,0.0,0.0,358.46153846153845,0.0,229.23076923076923,0.0
9.971125010172449e7,3686.7846153846153,3707.946153846154,2430.5238461538465,5674.906153846153,1549.476923076923,129.23076923076923,329.2307692307692,279.2307692307692,129.23076923076923,479.2307692307692,129.23076923076923,0.0,0.0,258.46153846153857,816.9230769230769,229.23076923076923,229.23076923076923,229.23076923076923
