c[1],c[2],c[3],c[4],c[5],c[6],p[1],p[2],p[3],p[4],p[5],p[6],h[1],g_plus[1],g_minus[1],dr[1],μ[1],μ[2],μ[3]
9.997909962278253e7,0.0,695.5,0.0,1138.96,650.5,0.0,0.0,50.0,0.0,100.0,50.0,0.0,0.0,0.0,0.0,0.0,0.0,0.0
5488.712217479416,0.0,0.0,6169.415000000001,0.0,0.0,329.6086042431298,0.0,0.0,350.0,0.0,0.0,0.0,100.0,0.0,300.0,100.0,100.0,100.0
0.0,0.0,695.5,0.0,1138.96,650.5,0.0,0.0,50.0,0.0,100.0,50.0,90.0,0.0,0.0,0.0,0.0,0.0,0.0
1510.33,1112.0,0.0,0.0,0.0,0.0,100.0,100.0,0.0,0.0,0.0,0.0,90.0,0.0,0.0,0.0,0.0,0.0,0.0
