c[1],c[2],c[3],c[4],c[5],c[6],p[1],p[2],p[3],p[4],p[5],p[6],h[1],g_plus[1],g_minus[1],dr[1],μ[1],μ[2],μ[3]
1984.7025961538461,3135.5769230769224,0.0,2499.359476852387,5086.79173076923,2876.8653846153848,135.0,278.8461538461538,3.7393963875584277,158.18368053551853,428.8461538461538,228.84615384615384,78.84615384615384,0.0,175.2136752136752,262.47863247863256,4.786324786324883,178.84615384615384,0.0
185.22182692307706,1955.3538461538456,0.0,4562.234678934156,5086.79173076923,2876.8653846153848,21.15384615384616,179.99999999999997,3.7393963875584344,272.02983438167234,428.8461538461538,228.84615384615384,0.0,0.0,0.0,436.53846153846155,0.0,178.84615384615384,178.84615384615384
1230.866057692308,3135.5769230769224,1254.5829188066248,6382.1795155519685,5086.79173076923,1657.8038461538463,87.30769230769232,278.8461538461538,97.58555023371227,364.7221420739802,428.8461538461538,135.0,0.0,0.0,0.0,78.84615384615384,0.0,0.0,0.0
3073.349230769231,1987.4999999999977,0.0,4165.20078470339,3644.076346153846,459.92692307692323,201.15384615384616,182.6923076923075,3.7393963875584277,250.87598822782635,315.0,41.15384615384616,0.0,0.0,0.0,436.53846153846155,178.84615384615384,178.84615384615384,0.0
5130.202596153847,1955.3538461538456,716.6551302606749,5397.301971153846,5086.79173076923,0.0,315.0,179.99999999999997,57.501971800962394,315.0,428.8461538461538,4.738412814422315,0.0,0.0,0.0,257.6923076923077,0.0,178.84615384615384,0.0
7309.644903846153,3135.5769230769224,5.502035224150876e6,7652.323894230769,5086.79173076923,945.3653846153845,428.8461538461538,278.8461538461538,78.84615384615384,428.8461538461538,428.8461538461538,78.84615384615384,63.07692307692312,0.0,157.69230769230774,615.3846153846154,178.84615384615384,178.84615384615384,178.84615384615384
5130.202596153847,3135.5769230769224,0.0,7652.323894230769,5086.79173076923,0.0,315.0,278.8461538461538,0.0,428.8461538461538,428.8461538461538,0.0,0.0,0.0,0.0,219.61538461538476,0.0,140.76923076923092,0.0
7309.644903846153,1955.3538461538456,0.0,5397.301971153846,4399.552307692309,1127.6923076923076,428.8461538461538,179.99999999999997,0.0,315.0,374.61538461538476,93.84615384615384,0.0,0.0,0.0,78.84615384615384,0.0,0.0,0.0
