c[1],c[2],c[3],c[4],c[5],c[6],p[1],p[2],p[3],p[4],p[5],p[6],h[1],g_plus[1],g_minus[1],dr[1],μ[1],μ[2],μ[3]
1832.1049999999998,12.19,0.0,28.634999999999998,26.95,0.0,45.0,35.0,0.0,245.0,225.0,0.0,0.0,105.0,0.0,0.0,0.0,0.0,0.0
0.0,14.91,0.0,0.0,44.66,0.0,5.0,115.0,5.0,5.0,1030.0,5.0,89.5,0.0,10.0,1220.0,405.0,405.0,405.0
11.575,0.0,0.0,0.0,28.49,0.0,45.0,0.0,0.0,0.0,295.0,0.0,75.5,0.0,0.0,5.0,0.0,0.0,0.0
11.575,12.19,0.0,0.0,27.28,0.0,45.0,35.0,0.0,0.0,240.0,0.0,70.5,0.0,0.0,5.0,0.0,0.0,0.0
11.575,12.19,0.0,0.0,27.72,0.0,45.0,35.0,0.0,0.0,260.0,0.0,65.5,0.0,0.0,5.0,0.0,0.0,0.0
11.575,12.19,0.0,0.0,26.29,0.0,45.0,35.0,0.0,0.0,195.0,0.0,60.5,0.0,0.0,120.0,0.0,115.0,0.0
