c[1],c[2],c[3],c[4],c[5],c[6],p[1],p[2],p[3],p[4],p[5],p[6],h[1],g_plus[1],g_minus[1],dr[1],μ[1],μ[2],μ[3]
9.952437345516707e7,3762.3109243697477,3796.3823529411766,2560.3657563025213,5755.489411764705,1632.2521008403362,136.1344537815126,336.1344537815126,286.1344537815126,136.1344537815126,486.1344537815126,136.1344537815126,136.1344537815126,0.0,302.5210084033613,844.5378151260504,236.1344537815126,236.1344537815126,236.1344537815126
0.0,1898.0655462184873,1709.2155462184876,5880.145966386555,3586.788046218487,0.0,0.0,180.0,135.0,342.2689075630252,315.0,0.0,0.0,0.0,0.0,541.5966386554622,236.1344537815126,169.32773109243703,0.0
0.0,3762.3109243697477,3771.4315126050446,2667.2064285714287,5755.489411764705,0.0,0.0,336.1344537815126,284.32773109243715,171.1344537815126,486.1344537815126,0.0,0.0,0.0,0.0,136.1344537815126,0.0,0.0,0.0
2508.1703361344535,3762.3109243697477,1684.2647058823554,0.0,4171.426911764706,0.0,171.1344537815126,336.1344537815126,133.19327731092454,0.0,361.13445378151266,0.0,0.0,0.0,0.0,372.2689075630252,236.1344537815126,0.0,0.0
5594.943445378152,3762.3109243697477,0.0,0.0,2052.413046218488,1810.102100840336,342.2689075630252,336.1344537815126,8.03709330694018,11.876310596431546,190.00000000000006,151.1344537815126,0.0,0.0,0.0,374.4143271890655,236.1344537815126,2.1454196260402796,0.0
2508.1703361344535,1898.0655462184873,333.55520182354496,0.0,3586.788046218487,2056.8969591993405,171.1344537815126,180.0,33.05998916767123,0.0,315.0,170.13328814325274,108.9075630252106,0.0,272.2689075630258,372.2689075630252,0.0,236.1344537815126,0.0
0.0,3762.3109243697477,1932.0323529411767,0.0,5755.489411764705,122.82082420726533,13.059989167671814,336.1344537815126,151.1344537815126,0.0,486.1344537815126,18.998834361740137,0.0,0.0,0.0,608.4033613445379,236.1344537815126,236.1344537815126,0.0
2729.129027865001,3762.3109243697477,0.0,2514.11648371849,4977.834527310922,2056.8969591993405,184.1944429491844,336.1344537815126,0.0,162.50000000000014,424.76890756302504,170.13328814325274,0.0,0.0,0.0,136.1344537815126,0.0,0.0,0.0
