Transmission Line No,Bus1,Bus2,Bus3,Bus4,Bus5,Bus6
1,0,0.730421293,0.52342647,0.116574576,0.192030817,0.451029266
2,0,0.269578707,0.47657353,0.883425424,0.807969183,0.548970734
3,0,0.075456241,0.62378205,0.032629726,0.142266999,0.518589531
4,0,0.194122466,0.10035558,0.08394485,0.049763818,0.067560266
5,0,0.075456241,0.37621795,0.032629726,0.142266999,0.518589531
6,0,0.075456241,0.37621795,0.032629726,0.857733001,0.481410469
7,0,0.075456241,0.37621795,0.032629726,0.142266999,0.481410469