c[1],c[2],c[3],c[4],c[5],c[6],p[1],p[2],p[3],p[4],p[5],p[6],h[1],g_plus[1],g_minus[1],dr[1],μ[1],μ[2],μ[3]
5879.08,2273.0,2052.5,6169.415000000001,4166.46,1931.5,350.0,200.0,150.0,350.0,350.0,150.0,0.0,0.0,0.0,200.0,100.0,100.0,0.0
5496.205,2273.0,2052.5,5476.148125000001,4166.46,1736.65,330.0,200.0,150.0,315.0,350.0,135.0,0.0,0.0,0.0,170.0,70.0,100.0,0.0
4826.17375,2273.0,1845.3500000000001,6169.415000000001,4166.46,1542.3999999999999,295.0,200.0,135.0,350.0,350.0,120.0,0.0,0.0,0.0,100.0,0.0,100.0,0.0
4186.73625,5.811130126249999e6,1639.0,5476.148125000001,3722.9224999999997,1349.35,260.0,195.0,120.0,315.0,315.0,105.0,0.0,0.0,0.0,200.0,100.0,100.0,0.0
