c[1],c[2],c[3],c[4],c[5],c[6],p[1],p[2],p[3],p[4],p[5],p[6],h[1],g_plus[1],g_minus[1],dr[1],μ[1],μ[2],μ[3]
9.992263621245253e7,2034.1999999999998,1856.0883113569123,5476.148125000001,3722.9224999999997,1736.65,350.0,180.0,135.7775750439473,315.0,315.0,135.0,0.0,0.0,0.0,300.0,100.0,100.0,100.0
5879.08,2273.0,2052.5,6169.415000000001,4166.46,1931.5,350.0,200.0,150.0,350.0,350.0,150.0,0.0,100.0,0.0,300.0,100.0,100.0,100.0
5251.5904166666705,2273.0,1845.3500000000001,5476.148125000001,4166.46,1736.65,317.2222222222224,200.0,135.0,315.0,350.0,135.0,90.0,11.11111111111111,0.0,300.0,100.0,100.0,100.0
4587.430694444448,2034.1999999999998,1639.0,4790.671875000001,3722.9224999999997,1542.3999999999999,282.2222222222224,180.0,120.0,280.0,315.0,120.0,100.0,100.0,0.0,294.0774607619976,98.0258202539992,98.0258202539992,98.0258202539992
