,Line1,Line2,Line3,Line4
0,16.273999999999997,16.290000000000006,16.305999999999997,16.322000000000003
