,Line1,Line2,Line3,Line4
0,29.936000000000007,29.807999999999936,29.616000000000042,29.359999999999957
