Index,hour 1,hour 2,hour 3,hour 4,hour 5,hour 6,hour 7,hour 8,hour 9,hour 10,hour 11,hour 12,hour 13,hour 14,hour 15,hour 16,hour 17,hour 18,hour 19,hour 20,hour 21,hour 22,hour 23,hour 24
1,1800,1800,1800,1800,1800,1800,1800,1800,1800,1800,1800,1800,1800,1800,1800,1800,1800,1800,1800,1800,1800,1800,1800,1800
2,1200,1200,1200,1200,1200,1200,1200,1200,1200,1200,1200,1200,1200,1200,1200,1200,1200,1200,1200,1200,1200,1200,1200,1200
3,800,800,800,800,800,800,900,1000,1100,1100,1200,1200,1200,1200,1300,1400,1400,1500,1600,1400,1200,1000,900,800
4,1794.10762,1862.47122,1806.82178,1739.01016,1823.98447,1708.92994,1890.72614,1703.4679,1700.38983,1765.57046,1768.26234,1896.3198,1789.13663,1845.13888,1772.5411,1868.28224,1794.30215,1750.47475,1800.97,1764.40495,1805.76049,1832.20654,1778.71649,1837.72191
5,1219.54095,1238.47689,1272.7549,1269.45487,1188.47954,1135.34287,1112.2844,1211.44216,1214.21138,1254.71268,1261.52638,1292.08415,1156.27102,1286.1557,1154.46074,1153.67476,1240.71884,1185.67006,1274.74452,1291.49782,1222.52947,1155.74801,1242.05452,1189.78308
6,868.373819,868.36831,720.129636,818.394674,728.47379,778.300616,872.939014,900.564399,1092.86054,1100.20183,1257.18499,1235.15418,1198.10622,1114.97543,1319.15638,1313.99964,1423.18569,1501.67512,1650.99741,1440.93786,1265.7374,1021.90149,801.714774,780.166393
7,868.373819,868.36831,720.129636,818.394674,728.47379,778.300616,872.939014,900.564399,1092.86054,1100.20183,1257.18499,1235.15418,1198.10622,1114.97543,1319.15638,1313.99964,1423.18569,1501.67512,1800,1440.93786,1265.7374,1021.90149,801.714774,780.166393