Column1,Column2
500.0,13.720410755805688
66.29202088610941,66.29202088610941
500.0,83.34907985495784
60.790129135200004,60.790129135200004
