c[1],c[2],c[3],c[4],c[5],c[6],p[1],p[2],p[3],p[4],p[5],p[6],h[1],g_plus[1],g_minus[1],dr[1],μ[1],μ[2],μ[3]
5879.08,2273.0,2052.5,6169.415000000001,4166.46,1931.5,350.0,200.0,150.0,350.0,350.0,150.0,0.0,0.0,0.0,272.5591784883886,100.0,100.0,72.55917848838862
5879.08,2273.0,2052.5,5524.002519591555,4166.46,1931.5,350.0,200.0,150.0,317.4159582277812,350.0,150.0,0.0,0.0,0.0,200.0,100.0,100.0,0.0
5879.08,2273.0,2052.5,6169.415000000001,4166.46,1931.5,350.0,200.0,150.0,350.0,350.0,150.0,0.0,0.0,0.0,133.30184029008433,33.30184029008433,100.0,0.0
5753.10918073603,5.777265775724147e6,1845.3500000000001,6169.415000000001,4166.46,1931.5,343.4197417296,200.0,135.0,350.0,350.0,150.0,0.0,0.0,0.0,200.0,100.0,100.0,0.0
