c[1],c[2],c[3],c[4],c[5],c[6],p[1],p[2],p[3],p[4],p[5],p[6],h[1],g_plus[1],g_minus[1],dr[1],μ[1],μ[2],μ[3]
7299.323960084033,9.977308710224734e7,3055.2323529411765,7641.625309873951,5080.151911764706,2870.044957983193,428.2773109243698,78.27731092436974,228.27731092436974,428.2773109243698,428.2773109243698,228.27731092436974,78.27731092436974,0.0,173.9495798319328,613.109243697479,178.27731092436974,178.27731092436974,178.27731092436974
5130.77143907563,3129.353781512605,1767.0726890756305,5397.870814075631,3644.64518907563,1658.3726890756304,315.0,278.2773109243698,135.0,315.0,315.0,135.0,0.0,0.0,0.0,78.44537815126057,0.16806722689082676,0.0,0.0
5130.77143907563,2036.1915966386557,506.88613445378155,7641.625309873951,2250.0339495798316,467.68025210084045,315.0,186.72268907563029,41.72268907563026,428.2773109243698,201.72268907563026,41.72268907563026,0.0,0.0,0.0,256.5546218487395,0.0,178.27731092436974,0.0
7299.323960084033,903.3865546218491,0.0,7641.625309873951,2800.530000565544,0.0,428.2773109243698,88.44537815126054,0.0,428.2773109243698,247.19738251595155,4.693373786569259,0.0,0.0,156.55462184873966,78.27731092436974,0.0,0.0,0.0
