c[1],c[2],c[3],c[4],c[5],c[6],p[1],p[2],p[3],p[4],p[5],p[6],h[1],g_plus[1],g_minus[1],dr[1],μ[1],μ[2],μ[3]
7453.560011282798,5.766562190084786e6,3164.1273617379334,7801.504817276067,5179.377281802188,2971.9693260919453,436.7780922512048,86.77809225120478,236.77809225120478,436.7780922512048,436.7780922512048,236.77809225120478,86.77809225120478,0.0,192.84020500267732,647.1123690048191,186.77809225120478,186.77809225120478,186.77809225120478
5122.270657748795,2919.8610647900255,1758.5719077487954,5389.370032748796,3636.144407748795,1649.8719077487954,315.0,261.4438154975905,135.0,315.0,315.0,135.0,0.0,0.0,0.0,86.77809225120478,0.0,0.0,0.0
5122.270657748795,1926.1914862694107,385.06993804023546,7801.504817276067,2140.1826028838063,351.81460261607884,315.0,178.22190774879527,33.22190774879522,436.7780922512048,193.22190774879522,33.22190774879522,0.0,0.0,0.0,273.55618450240956,0.0,186.77809225120478,0.0
7453.560011282798,703.108146561616,0.0,7801.504817276067,2370.2783498197173,0.0,436.7780922512048,71.44381549759049,0.0,436.7780922512048,212.52119455407188,5.36643644110885,0.0,0.0,173.55618450240968,86.77809225120478,0.0,0.0,0.0
