c[1],c[2],c[3],c[4],c[5],c[6],p[1],p[2],p[3],p[4],p[5],p[6],h[1],g_plus[1],g_minus[1],dr[1],μ[1],μ[2],μ[3]
9.992399660836005e7,2034.1999999999998,1845.3500000000001,5476.148125000001,3722.9224999999997,1736.65,315.0,180.0,135.0,315.0,315.0,135.0,0.0,0.0,0.0,196.7313055747868,65.57710185826227,65.57710185826227,65.57710185826227
5879.08,2273.0,2052.5,6169.415000000001,4166.46,1931.5,350.0,200.0,150.0,350.0,350.0,150.0,0.0,100.0,0.0,300.0,100.0,100.0,100.0
5209.04875,2034.1999999999998,1845.3500000000001,5476.148125000001,3722.9224999999997,1736.65,315.0,180.0,135.0,315.0,315.0,135.0,90.0,11.11111111111111,0.0,238.54200430870765,79.51400143623589,79.51400143623589,79.51400143623589
4638.87726495352,1798.7,1639.0,4790.671875000001,3282.1974999999998,1542.3999999999999,285.07541157454534,160.0,120.0,280.0,280.0,120.0,100.0,100.0,0.0,300.0,100.0,100.0,100.0
