c[1],c[2],c[3],c[4],c[5],c[6],p[1],p[2],p[3],p[4],p[5],p[6],h[1],g_plus[1],g_minus[1],dr[1],μ[1],μ[2],μ[3]
1956.2882352941176,0.0,0.0,0.0,0.0,0.0,3.529411764705884,0.0,0.0,203.52941176470588,153.52941176470588,0.0,0.0,0.0,42.94117647058823,0.0,0.0,0.0,0.0
0.0,0.0,0.0,0.0,0.0,0.0,0.0,31.470588235294088,13.529411764705884,0.0,262.0588235294117,0.0,0.0,0.0,0.0,46.470588235294116,0.0,0.0,0.0
0.0,0.0,0.0,0.0,0.0,0.0,3.529411764705884,152.9411764705882,13.529411764705884,0.0,153.52941176470588,0.0,0.0,0.0,0.0,46.470588235294116,0.0,0.0,0.0
0.0,0.0,0.0,0.0,0.0,0.0,3.529411764705884,274.4117647058823,46.470588235294116,203.52941176470588,0.0,0.0,0.0,146.47058823529412,0.0,0.0,0.0,0.0,0.0
0.0,0.0,0.0,0.0,0.0,0.0,46.470588235294116,395.88235294117646,242.94117647058823,46.470588235294116,46.470588235294116,46.470588235294116,85.35294117647058,0.0,92.94117647058823,1385.8823529411766,446.47058823529414,446.47058823529414,446.47058823529414
0.0,0.0,0.0,0.0,0.0,0.0,3.529411764705884,274.4117647058823,71.47058823529412,0.0,153.52941176470588,0.0,0.0,146.47058823529412,0.0,0.0,0.0,0.0,0.0
